insert into MATERIA values ('AGRICULTURA ECOLOGICA', 'AGRICULTURA', 'E');
insert into MATERIA values ('AGRICULTURA BIOLOGICA', 'AGRICULTURA', 'N');
insert into MATERIA values ('GENETICA AGRICOLA', 'AGRICULTURA', 'E');
insert into MATERIA values ('PISCICULTURA ECOLOGICA', 'PISCICULTURA', 'E');
insert into MATERIA values ('PISCICULTURA BIOLOGICA', 'PISCICULTURA', 'N');
insert into MATERIA values ('GENETICA PISCICOLA', 'PISCICULTURA', 'E');
insert into MATERIA values ('GANADERIA ECOLOGICA', 'GANADERIA', 'E');
insert into MATERIA values ('GANADERIA BIOLOGICA', 'GANADERIA', 'N');
insert into MATERIA values ('GENETICA GANADERA', 'GANADERIA', 'E');
insert into MATERIA values ('TECNOLOGIA Y TERCER MUNDO', 'TECNOLOGIA', 'E');
insert into MATERIA values ('TECNOLOGIA Y DESARROLLO', 'TECNOLOGIA', 'N');
insert into MATERIA values ('INFORMATICA Y TERCER MUNDO', 'INFORMATICA', 'E');
insert into MATERIA values ('INFORMATICA Y DESARROLLO', 'INFORMATICA', 'N');
insert into MATERIA values ('IA Y AGRICULTURA', 'INTELIGENCIA ARTIFICIAL', 'E');
insert into MATERIA values ('REGADIO ECOLOGICO', 'AGRICULTURA', 'E');
insert into MATERIA values ('REGADIO BIOLOGICO', 'AGRICULTURA', 'N');



insert into PROYECTO values ('AGRICULTURA ECOBIO', 'GENERICO', '30 MESES');
insert into PROYECTO values ('AGRICULTURA TERCER MUNDO', 'ESPECIFICO', 'INDEFINIDO');
insert into PROYECTO values ('AGRICULTURA TRANSGENICA', 'GENERICO', '15 MESES');
insert into PROYECTO values ('PISCICULTURA ECOBIO', 'GENERICO', '36 MESES');
insert into PROYECTO values ('PISCICULTURA TERCER MUNDO', 'ESPECIFICO', '100 SEMANAS');
insert into PROYECTO values ('PISCICULTURA TRANSGENICA', 'GENERICO', '36 MESES');
insert into PROYECTO values ('GANADERIA ECOBIO', 'GENERICO', '42 MESES');
insert into PROYECTO values ('GANADERIA TERCER MUNDO', 'GENERICO', '200 SEMANAS');
insert into PROYECTO values ('GANADERIA TRANSGENICA', 'ESPECIFICO', '25 MESES');
insert into PROYECTO values ('REGADIO ECOBIO', 'GENERICO', '40 MESES');
insert into PROYECTO values ('SECANO ECOBIO', 'GENERICO', '50 MESES');
insert into PROYECTO values ('TECNOLOGIA APLICADA AL MUNDO NATURAL', 'GENERICO', '60 MESES');
insert into PROYECTO values ('TECNOLOGIA APLICADA EN EL TERCER MUNDO', 'ESPECIFICO', '70 MESES');
insert into PROYECTO values ('TECNOLOGIA APLICADA AL MEDIO RURAL', 'ESPECIFICO', '30 MESES');
insert into PROYECTO values ('TECNOLOGIA APLICADA EN PAISES EN DESARROLLO', 'GENERICO', '30 MESES');
insert into PROYECTO values ('INFORMATICA EN ENTORNOS RURALES', 'GENERICO', '300 SEMANAS');
insert into PROYECTO values ('INFORMATICA EN PAISES EN DESARROLLO', 'ESPECIFICO', '80 MESES');
insert into PROYECTO values ('INFORMATICA EN EL TERCER MUNDO', 'GENERICO', '90 MESES');
insert into PROYECTO values ('INTELIGENCIA ARTIFICIAL APLICADA EN AGRICULTURA', 'ESPECIFICO', '400 SEMANAS');
insert into PROYECTO values ('INTELIGENCIA ARTIFICIAL EN ENTORNOS RURALES', 'ESPECIFICO', '100 MESES');



insert into INSTITUCION values ('GOBIERNO VASCO', 'c/ DONOSTIA-SAN SEBASTIAN, 1', 'VICTOR URRUTIA');
insert into INSTITUCION values ('DIPUTACION DE ALAVA', 'c/ PRADO, 2', 'MADDI ORTIZ DE ZARATE');
insert into INSTITUCION values ('DIPUTACION DE GUIPUZCOA', 'PLAZA DE GUIPUZCOA, 3', 'JOSU GARCIA');
insert into INSTITUCION values ('DIPUTACION DE VIZCAYA', 'c/ GRAN VIA, 4', 'CARIDAD ARZALLUS');
insert into INSTITUCION values ('AYUNTAMIENTO DE VITORIA-GASTEIZ', 'PLAZA NUEVA, 5', 'LUCAS BENGOA');
insert into INSTITUCION values ('MINISTERIO DE COOPERACION', 'c/ DELICIAS, 6', 'VALERIA ORTIGOSA');
insert into INSTITUCION values ('MINISTERIO DE DESARROLLO', 'c/ BRAVO MURILLO, 7', 'ANTONIO VALLEJO');
insert into INSTITUCION values ('UNION EUROPEA', 'c/ BRUSELAS, 8', 'SIMON TEMPLE');
insert into INSTITUCION values ('OEA', 'c/ SIMON BOLIVAR, 9', 'VICTORIANA MATUTE');



insert into EMPLE values ('10101010A', 'MARTA', 'ARRUTI', 'LOPEZ', 'SUPERIOR', 601601601, 'P1D15');
insert into EMPLE values ('20202020B', 'PEDRO', 'URRUTIA', 'PEREZ', 'SECRETARIO', 602602602, 'P3D09');
insert into EMPLE values ('30303030C', 'JUNCAL', 'SAGASTI', 'GARCIA', 'ENCARGADO', 603603603, 'P4D18');
insert into EMPLE values ('40404040D', 'ION', 'NAVARRO', 'VIDAL', 'OFICIAL 1', 604604604, 'P1D14');
insert into EMPLE values ('50505050E', 'MAIDER', 'CORTANA', 'FERNANDEZ', 'OFICIAL 2', 605605605, 'P1D13');
insert into EMPLE values ('60606060F', 'MANUEL', 'ARISTIZABAL', 'GOIENETXE', 'OFICIAL 2', 606606606, 'P1D12');
insert into EMPLE values ('70707070G', 'ANE', 'VILLEGAS', 'TORRES', 'OFICIAL 2', 607607607, 'P1D11');
insert into EMPLE values ('80808080H', 'JULEN', 'TORREJON', 'ANDRES', 'OFICIAL 2', 608608608, 'P1D10');
insert into EMPLE values ('90909090I', 'MIREN', 'ETXEBERRIA', 'GOIKOETXEA', 'OFICIAL 2', 609609609, 'P1D09');
insert into EMPLE values ('11111111J', 'MARIO', 'CARDABA', 'MADARIAGA', 'OFICIAL 2', 610610610, 'P1D08');
insert into EMPLE values ('12121212K', 'MARIA', 'GOMEZ', 'GUTIERREZ', 'OFICIAL 2', 611611611, 'P1D07');
insert into EMPLE values ('13131313L', 'MIKEL', 'BARRUTIA', 'VICENTE', 'OFICIAL 2', 612612612, 'P1D06');
insert into EMPLE values ('14141414M', 'AITZOL', 'HERNANDEZ', 'MENENDEZ', 'OFICIAL 2', 613613613, 'P1D05');
insert into EMPLE values ('15151515N', 'NOEMI', 'VASCO', 'MENDIARAZ', 'OFICIAL 2', 614614614, 'P1D04');
insert into EMPLE values ('16161616O', 'BORJA', 'JACA', 'SEVILLA', 'OFICIAL 2', 615615615, 'P1D03');
insert into EMPLE values ('17171717P', 'URSULA', 'MOLINA', 'GRANDES', 'OFICIAL 2', 616616616, 'P1D02');
insert into EMPLE values ('18181818Q', 'JOSE', 'LEON', 'IRIGOIEN', 'OFICIAL 2', 617617617, 'P1D01');
insert into EMPLE values ('19191919R', 'JUANA', 'SOLER', 'SANTOS', 'OFICIAL 1', 618618618, 'P3D08');
insert into EMPLE values ('21212121S', 'FELIX', 'BARREDO', 'QUINTANA', 'OFICIAL 2', 619619619, 'P3D07');
insert into EMPLE values ('22222222T', 'ISABEL', 'BILDARRATZ', 'SANCHEZ', 'OFICIAL 2', 620620620, 'P3D06');
insert into EMPLE values ('23232323U', 'JORGE', 'GOLDARACENA', 'GONZALEZ', 'OFICIAL 2', 621621621, 'P3D05');
insert into EMPLE values ('24242424V', 'ELENA', 'CLEMENTE', 'ANTUNEZ', 'OFICIAL 2', 622622622, 'P3D04');
insert into EMPLE values ('25252525W', 'JAVIER', 'CILVETI', 'RIOS', 'OFICIAL 2', 623623623, 'P3D03');
insert into EMPLE values ('26262626X', 'AZUCENA', 'ORTIZ', 'SANTIAGO', 'OFICIAL 2', 624624624, 'P3D02');
insert into EMPLE values ('27272727Y', 'VENANCIO', 'TOLOSA', 'LAZKANO', 'OFICIAL 2', 625625625, 'P3D01');
insert into EMPLE values ('28282828Z', 'LIDE', 'AMORRORTU', 'PERTEGAZ', 'OFICIAL 1', 626626626, 'P4D16');
insert into EMPLE values ('29292929A', 'MARCELINO', 'NARBONA', 'SOLBES', 'OFICIAL 2', 627627627, 'P4D15');
insert into EMPLE values ('31313131B', 'AMAIA', 'BUENO', 'VALLEJO', 'OFICIAL 2', 628628628, 'P4D14');
insert into EMPLE values ('32323232C', 'KEPA', 'MURUA', 'MIGUEL', 'OFICIAL 2', 629629629, 'P4D13');



insert into ARTICULO values (1000, 'ECOLOGIA, BIOLOGIA Y AGRICULTURA','CAMILO JOSE VELA', 'AGRICULTURA ECOBIO');
insert into ARTICULO values (1001, 'AGRICULTURA Y SOCIEDAD','MARIO CANGAS LOSA', 'AGRICULTURA ECOBIO');
insert into ARTICULO values (1002, 'ECOLOGIA, BIOLOGIA, MUNDO ANIMAL','ALMUDENA PETITE', 'GANADERIA ECOBIO');
insert into ARTICULO values (1003, 'GANADERIA SOSTENIBLE','ROSA VALDES', 'GANADERIA ECOBIO');
insert into ARTICULO values (1004, 'AGRICULTURA SOSTENIBLE','SARA MAGA', 'AGRICULTURA TRANSGENICA');
insert into ARTICULO values (1005, 'CULTIVOS INTENSIVOS','DOLORES CUADRADO', 'AGRICULTURA TRANSGENICA');
insert into ARTICULO values (1006, 'REGADIOS SOSTENIBLES','SARA MAGA', 'AGRICULTURA ECOBIO');
insert into ARTICULO values (1007, 'ECOLOGIA, BIOLOGIA Y GANADERIA','CAMILO JOSE VELA', 'GANADERIA TRANSGENICA');
insert into ARTICULO values (1008, 'GANADERIA Y SOCIEDAD','MARIO CANGAS LOSA', 'GANADERIA TRANSGENICA');
insert into ARTICULO values (1009, 'REGADIOS SOSTENIBLES','ARTHUR REVERT', 'REGADIO ECOBIO');
insert into ARTICULO values (1010, 'EL REGADIO EN TIERRAS DE SECANO','ROSA VALDES', 'REGADIO ECOBIO');
insert into ARTICULO values (1011, 'INSEMINACION Y GANADERIA','CAMILO JOSE VELA', 'TECNOLOGIA APLICADA AL MUNDO NATURAL');
insert into ARTICULO values (1012, 'ADECUACION DE INTALACIONES PISCICOLAS','ALMUDENA PETITE', 'TECNOLOGIA APLICADA AL MUNDO NATURAL');
insert into ARTICULO values (1013, 'INJERTO DE TECNOLOGIA PUNTA','CAMILA LANDER', 'TECNOLOGIA APLICADA AL MUNDO NATURAL');
insert into ARTICULO values (1014, 'INTELIGENCIA EN DESARROLLO','CAMILO JOSE VELA', 'INFORMATICA EN PAISES EN DESARROLLO');
insert into ARTICULO values (1015, 'CULTIVOS INTENSIVOS Y DOMOTICA','ARTHUR REVERT', 'TECNOLOGIA APLICADA AL MUNDO NATURAL');
insert into ARTICULO values (1016, 'ANIMALES MELOMANOS','CAMILA LANDER', 'TECNOLOGIA APLICADA AL MUNDO NATURAL');
insert into ARTICULO values (1017, 'MEDICINA TELEMATICA','CAMILO JOSE VELA', 'INTELIGENCIA ARTIFICIAL EN ENTORNOS RURALES');
insert into ARTICULO values (1018, 'SEGUIMOS CRECIENDO','MARIO CANGAS LOSA', 'AGRICULTURA ECOBIO');
insert into ARTICULO values (1019, 'COMERCIO RURAL EN RED','DOLORES CUADRADO', 'INTELIGENCIA ARTIFICIAL EN ENTORNOS RURALES');
insert into ARTICULO values (1020, 'SOSTENIBLE Y VITAL','CAMILA LANDER', 'AGRICULTURA ECOBIO');



insert into MATERIA_ESPECIAL values ('AGRICULTURA ECOLOGICA', '1024/1990', to_date('01/06/1990','dd/mm/yyyy'));
insert into MATERIA_ESPECIAL values ('GENETICA AGRICOLA', '2280/1998', to_date('06/01/1998','dd/mm/yyyy'));
insert into MATERIA_ESPECIAL values ('PISCICULTURA ECOLOGICA', '1088/1999', to_date('08/08/1999','dd/mm/yyyy'));
insert into MATERIA_ESPECIAL values ('GENETICA PISCICOLA', '2099/1999', to_date('23/09/1999','dd/mm/yyyy'));
insert into MATERIA_ESPECIAL values ('GANADERIA ECOLOGICA', '3222/2001', to_date('01/12/2001','dd/mm/yyyy'));
insert into MATERIA_ESPECIAL values ('GENETICA GANADERA', '0023/1997', to_date('03/03/1997','dd/mm/yyyy'));
insert into MATERIA_ESPECIAL values ('TECNOLOGIA Y TERCER MUNDO', '0003/2002', to_date('02/01/2002','dd/mm/yyyy'));
insert into MATERIA_ESPECIAL values ('INFORMATICA Y TERCER MUNDO', '4980/2000', to_date('22/11/2000','dd/mm/yyyy'));
insert into MATERIA_ESPECIAL values ('IA Y AGRICULTURA', '0777/2000', to_date('03/06/2000','dd/mm/yyyy'));
insert into MATERIA_ESPECIAL values ('REGADIO ECOLOGICO', '0048/2000', to_date('12/02/2000','dd/mm/yyyy'));



insert into MATERIA_NO_ESPECIAL values ('AGRICULTURA BIOLOGICA', 'MUNDIAL', 'MUNDO NATURAL');
insert into MATERIA_NO_ESPECIAL values ('PISCICULTURA BIOLOGICA', 'EUROPEO', 'MUNDO NATURAL');
insert into MATERIA_NO_ESPECIAL values ('GANADERIA BIOLOGICA', 'MUNDIAL', 'MUNDO NATURAL');
insert into MATERIA_NO_ESPECIAL values ('TECNOLOGIA Y DESARROLLO', 'MUNDIAL', 'NUEVAS TECNOLOGIAS');
insert into MATERIA_NO_ESPECIAL values ('INFORMATICA Y DESARROLLO', 'EUROPEO', 'NUEVAS TECNOLOGIAS');
insert into MATERIA_NO_ESPECIAL values ('REGADIO BIOLOGICO', 'REGIONAL', 'MUNDO NATURAL');



insert into EMP_EMP values ('50505050E', '40404040D');
insert into EMP_EMP values ('60606060F', '40404040D');
insert into EMP_EMP values ('70707070G', '40404040D');
insert into EMP_EMP values ('80808080H', '40404040D');
insert into EMP_EMP values ('90909090I', '40404040D');
insert into EMP_EMP values ('11111111J', '40404040D');
insert into EMP_EMP values ('12121212K', '40404040D');
insert into EMP_EMP values ('13131313L', '40404040D');
insert into EMP_EMP values ('14141414M', '40404040D');
insert into EMP_EMP values ('15151515N', '40404040D');
insert into EMP_EMP values ('16161616O', '40404040D');
insert into EMP_EMP values ('17171717P', '40404040D');
insert into EMP_EMP values ('18181818Q', '40404040D');
insert into EMP_EMP values ('19191919R', '20202020B');
insert into EMP_EMP values ('21212121S', '19191919R');
insert into EMP_EMP values ('22222222T', '19191919R');
insert into EMP_EMP values ('23232323U', '19191919R');
insert into EMP_EMP values ('24242424V', '19191919R');
insert into EMP_EMP values ('25252525W', '19191919R');
insert into EMP_EMP values ('26262626X', '19191919R');
insert into EMP_EMP values ('27272727Y', '19191919R');
insert into EMP_EMP values ('28282828Z', '30303030C');
insert into EMP_EMP values ('29292929A', '30303030C');
insert into EMP_EMP values ('31313131B', '30303030C');
insert into EMP_EMP values ('32323232C', '30303030C');
insert into EMP_EMP values ('20202020B', '10101010A');
insert into EMP_EMP values ('30303030C', '10101010A');
insert into EMP_EMP values ('40404040D', '10101010A');



insert into INS_PRO values ('GOBIERNO VASCO', 'AGRICULTURA ECOBIO', to_date('10/10/1990','dd/mm/yyyy'), 30000);
insert into INS_PRO values ('GOBIERNO VASCO', 'AGRICULTURA ECOBIO', to_date('10/10/1991','dd/mm/yyyy'), 30000);
insert into INS_PRO values ('GOBIERNO VASCO', 'AGRICULTURA ECOBIO', to_date('10/10/1992','dd/mm/yyyy'), 30000);
insert into INS_PRO values ('GOBIERNO VASCO', 'AGRICULTURA ECOBIO', to_date('10/10/1993','dd/mm/yyyy'), 30000);
insert into INS_PRO values ('GOBIERNO VASCO', 'AGRICULTURA ECOBIO', to_date('10/10/1994','dd/mm/yyyy'), 30000);
insert into INS_PRO values ('AYUNTAMIENTO DE VITORIA-GASTEIZ', 'AGRICULTURA ECOBIO', to_date('10/10/1993','dd/mm/yyyy'), 20000);
insert into INS_PRO values ('AYUNTAMIENTO DE VITORIA-GASTEIZ', 'AGRICULTURA ECOBIO', to_date('10/10/1994','dd/mm/yyyy'), 20000);
insert into INS_PRO values ('GOBIERNO VASCO', 'AGRICULTURA TERCER MUNDO', to_date('12/10/1992','dd/mm/yyyy'), 10500.25);
insert into INS_PRO values ('GOBIERNO VASCO', 'AGRICULTURA TERCER MUNDO', to_date('13/11/1993','dd/mm/yyyy'), 10500.25);
insert into INS_PRO values ('GOBIERNO VASCO', 'AGRICULTURA TERCER MUNDO', to_date('14/12/1994','dd/mm/yyyy'), 10500.25);
insert into INS_PRO values ('GOBIERNO VASCO', 'AGRICULTURA TERCER MUNDO', to_date('15/01/1995','dd/mm/yyyy'), 10500.25);
insert into INS_PRO values ('MINISTERIO DE COOPERACION', 'AGRICULTURA TERCER MUNDO', to_date('12/10/1992','dd/mm/yyyy'), 60500.25);
insert into INS_PRO values ('MINISTERIO DE COOPERACION', 'AGRICULTURA TERCER MUNDO', to_date('13/11/1993','dd/mm/yyyy'), 60500.25);
insert into INS_PRO values ('MINISTERIO DE COOPERACION', 'AGRICULTURA TERCER MUNDO', to_date('14/12/1994','dd/mm/yyyy'), 60500.25);
insert into INS_PRO values ('MINISTERIO DE COOPERACION', 'AGRICULTURA TERCER MUNDO', to_date('15/01/1995','dd/mm/yyyy'), 60500.25);
insert into INS_PRO values ('DIPUTACION DE ALAVA', 'AGRICULTURA TRANSGENICA', to_date('05/02/1996','dd/mm/yyyy'), 50000);
insert into INS_PRO values ('GOBIERNO VASCO', 'PISCICULTURA ECOBIO', to_date('31/12/1997','dd/mm/yyyy'), 100000);
insert into INS_PRO values ('DIPUTACION DE GUIPUZCOA', 'PISCICULTURA TERCER MUNDO', to_date('12/04/2000','dd/mm/yyyy'), 1200000.75);
insert into INS_PRO values ('MINISTERIO DE DESARROLLO', 'PISCICULTURA TERCER MUNDO', to_date('12/04/2001','dd/mm/yyyy'), 1200000.75);
insert into INS_PRO values ('DIPUTACION DE GUIPUZCOA', 'PISCICULTURA TERCER MUNDO', to_date('12/04/2002','dd/mm/yyyy'), 1200000.75);
insert into INS_PRO values ('MINISTERIO DE DESARROLLO', 'PISCICULTURA TERCER MUNDO', to_date('12/04/2003','dd/mm/yyyy'), 1200000.75);
insert into INS_PRO values ('DIPUTACION DE GUIPUZCOA', 'PISCICULTURA TERCER MUNDO', to_date('12/04/2004','dd/mm/yyyy'), 1200000.75);
insert into INS_PRO values ('MINISTERIO DE DESARROLLO', 'PISCICULTURA TERCER MUNDO', to_date('12/04/2005','dd/mm/yyyy'), 1200000.75);
insert into INS_PRO values ('GOBIERNO VASCO', 'PISCICULTURA TRANSGENICA', to_date('23/09/1998','dd/mm/yyyy'), 10000);
insert into INS_PRO values ('GOBIERNO VASCO', 'PISCICULTURA TRANSGENICA', to_date('23/09/1999','dd/mm/yyyy'), 20000);
insert into INS_PRO values ('DIPUTACION DE VIZCAYA', 'PISCICULTURA ECOBIO', to_date('30/12/1997','dd/mm/yyyy'), 60000);
insert into INS_PRO values ('DIPUTACION DE VIZCAYA', 'PISCICULTURA TERCER MUNDO', to_date('10/04/2000','dd/mm/yyyy'), 6000000.75);
insert into INS_PRO values ('DIPUTACION DE VIZCAYA', 'PISCICULTURA TRANSGENICA', to_date('23/10/1998','dd/mm/yyyy'), 60000);
insert into INS_PRO values ('DIPUTACION DE VIZCAYA', 'PISCICULTURA TRANSGENICA', to_date('23/11/1999','dd/mm/yyyy'), 10000);
insert into INS_PRO values ('GOBIERNO VASCO', 'GANADERIA ECOBIO', to_date('01/01/1999','dd/mm/yyyy'), 10000);
insert into INS_PRO values ('GOBIERNO VASCO', 'GANADERIA ECOBIO', to_date('01/02/1999','dd/mm/yyyy'), 20000);
insert into INS_PRO values ('GOBIERNO VASCO', 'GANADERIA ECOBIO', to_date('01/03/1999','dd/mm/yyyy'), 30000);
insert into INS_PRO values ('GOBIERNO VASCO', 'GANADERIA ECOBIO', to_date('01/04/1999','dd/mm/yyyy'), 40000);
insert into INS_PRO values ('GOBIERNO VASCO', 'GANADERIA ECOBIO', to_date('01/05/1999','dd/mm/yyyy'), 50000);
insert into INS_PRO values ('GOBIERNO VASCO', 'GANADERIA ECOBIO', to_date('01/06/1999','dd/mm/yyyy'), 60000);
insert into INS_PRO values ('GOBIERNO VASCO', 'GANADERIA ECOBIO', to_date('01/07/1999','dd/mm/yyyy'), 70000);
insert into INS_PRO values ('GOBIERNO VASCO', 'GANADERIA TERCER MUNDO', to_date('10/06/2000','dd/mm/yyyy'), 300000);
insert into INS_PRO values ('UNION EUROPEA', 'GANADERIA TERCER MUNDO', to_date('10/06/2000','dd/mm/yyyy'), 1000000);
insert into INS_PRO values ('OEA', 'GANADERIA TERCER MUNDO', to_date('10/06/2000','dd/mm/yyyy'), 1000000);
insert into INS_PRO values ('MINISTERIO DE COOPERACION', 'GANADERIA TERCER MUNDO', to_date('10/06/2000','dd/mm/yyyy'), 1000000);
insert into INS_PRO values ('DIPUTACION DE ALAVA', 'GANADERIA TERCER MUNDO', to_date('10/06/2000','dd/mm/yyyy'), 40000);
insert into INS_PRO values ('GOBIERNO VASCO', 'GANADERIA TERCER MUNDO', to_date('10/06/2001','dd/mm/yyyy'), 300000);
insert into INS_PRO values ('UNION EUROPEA', 'GANADERIA TERCER MUNDO', to_date('10/06/2001','dd/mm/yyyy'), 10000000);
insert into INS_PRO values ('OEA', 'GANADERIA TERCER MUNDO', to_date('10/06/2001','dd/mm/yyyy'), 1000000);
insert into INS_PRO values ('MINISTERIO DE COOPERACION', 'GANADERIA TERCER MUNDO', to_date('10/06/2001','dd/mm/yyyy'), 1000000);
insert into INS_PRO values ('DIPUTACION DE ALAVA', 'GANADERIA TERCER MUNDO', to_date('10/06/2001','dd/mm/yyyy'), 40000);
insert into INS_PRO values ('AYUNTAMIENTO DE VITORIA-GASTEIZ', 'GANADERIA TERCER MUNDO', to_date('10/06/2001','dd/mm/yyyy'), 20000);
insert into INS_PRO values ('GOBIERNO VASCO', 'GANADERIA TRANSGENICA', to_date('08/08/2008','dd/mm/yyyy'), 250000);
insert into INS_PRO values ('GOBIERNO VASCO', 'REGADIO ECOBIO', to_date('07/07/2007','dd/mm/yyyy'), 70000);
insert into INS_PRO values ('GOBIERNO VASCO', 'REGADIO ECOBIO', to_date('08/08/2008','dd/mm/yyyy'), 80000);
insert into INS_PRO values ('GOBIERNO VASCO', 'REGADIO ECOBIO', to_date('09/09/2009','dd/mm/yyyy'), 90000);
insert into INS_PRO values ('DIPUTACION DE ALAVA', 'SECANO ECOBIO', to_date('10/10/2010','dd/mm/yyyy'), 10000);
insert into INS_PRO values ('DIPUTACION DE ALAVA', 'TECNOLOGIA APLICADA AL MUNDO NATURAL', to_date('11/11/2011','dd/mm/yyyy'), 111000.5);
insert into INS_PRO values ('GOBIERNO VASCO', 'TECNOLOGIA APLICADA EN EL TERCER MUNDO', to_date('12/12/2012','dd/mm/yyyy'), 12000.35);
insert into INS_PRO values ('GOBIERNO VASCO', 'TECNOLOGIA APLICADA AL MEDIO RURAL', to_date('02/03/2004','dd/mm/yyyy'), 40000.45);
insert into INS_PRO values ('GOBIERNO VASCO', 'TECNOLOGIA APLICADA EN PAISES EN DESARROLLO', to_date('04/05/2005','dd/mm/yyyy'), 50000);
insert into INS_PRO values ('GOBIERNO VASCO', 'INFORMATICA EN ENTORNOS RURALES', to_date('16/06/2016','dd/mm/yyyy'), 216000.16);
insert into INS_PRO values ('GOBIERNO VASCO', 'INFORMATICA EN PAISES EN DESARROLLO', to_date('17/10/2017','dd/mm/yyyy'), 17000.7);
insert into INS_PRO values ('GOBIERNO VASCO', 'INFORMATICA EN EL TERCER MUNDO', to_date('28/08/2013','dd/mm/yyyy'), 130000);
insert into INS_PRO values ('GOBIERNO VASCO', 'INFORMATICA EN EL TERCER MUNDO', to_date('28/09/2013','dd/mm/yyyy'), 140000);
insert into INS_PRO values ('GOBIERNO VASCO', 'INFORMATICA EN EL TERCER MUNDO', to_date('28/10/2013','dd/mm/yyyy'), 150000);
insert into INS_PRO values ('UNION EUROPEA', 'INFORMATICA EN EL TERCER MUNDO', to_date('29/08/2014','dd/mm/yyyy'), 130000);
insert into INS_PRO values ('UNION EUROPEA', 'INFORMATICA EN EL TERCER MUNDO', to_date('29/09/2014','dd/mm/yyyy'), 140000);
insert into INS_PRO values ('UNION EUROPEA', 'INFORMATICA EN EL TERCER MUNDO', to_date('29/10/2014','dd/mm/yyyy'), 150000);
insert into INS_PRO values ('GOBIERNO VASCO', 'INTELIGENCIA ARTIFICIAL APLICADA EN AGRICULTURA', to_date('10/12/1992','dd/mm/yyyy'), 220000);
insert into INS_PRO values ('DIPUTACION DE ALAVA', 'INTELIGENCIA ARTIFICIAL EN ENTORNOS RURALES', to_date('11/11/2011','dd/mm/yyyy'), 110000);



insert into MAT_PRO values ('AGRICULTURA ECOLOGICA', 'AGRICULTURA ECOBIO');
insert into MAT_PRO values ('AGRICULTURA BIOLOGICA', 'AGRICULTURA ECOBIO');
insert into MAT_PRO values ('AGRICULTURA ECOLOGICA', 'REGADIO ECOBIO');
insert into MAT_PRO values ('AGRICULTURA BIOLOGICA', 'REGADIO ECOBIO');
insert into MAT_PRO values ('AGRICULTURA ECOLOGICA', 'SECANO ECOBIO');
insert into MAT_PRO values ('AGRICULTURA BIOLOGICA', 'SECANO ECOBIO');
insert into MAT_PRO values ('GENETICA AGRICOLA', 'AGRICULTURA TRANSGENICA');
insert into MAT_PRO values ('GENETICA AGRICOLA', 'TECNOLOGIA APLICADA AL MUNDO NATURAL');
insert into MAT_PRO values ('GENETICA AGRICOLA', 'TECNOLOGIA APLICADA AL MEDIO RURAL');
insert into MAT_PRO values ('PISCICULTURA ECOLOGICA', 'PISCICULTURA ECOBIO');
insert into MAT_PRO values ('PISCICULTURA BIOLOGICA', 'PISCICULTURA ECOBIO');
insert into MAT_PRO values ('PISCICULTURA ECOLOGICA', 'PISCICULTURA TERCER MUNDO');
insert into MAT_PRO values ('PISCICULTURA BIOLOGICA', 'PISCICULTURA TERCER MUNDO');
insert into MAT_PRO values ('GENETICA PISCICOLA', 'PISCICULTURA TRANSGENICA');
insert into MAT_PRO values ('GENETICA PISCICOLA', 'TECNOLOGIA APLICADA AL MUNDO NATURAL');
insert into MAT_PRO values ('GANADERIA ECOLOGICA', 'GANADERIA ECOBIO');
insert into MAT_PRO values ('GANADERIA BIOLOGICA', 'GANADERIA ECOBIO');
insert into MAT_PRO values ('GANADERIA ECOLOGICA', 'GANADERIA TERCER MUNDO');
insert into MAT_PRO values ('GANADERIA BIOLOGICA', 'GANADERIA TERCER MUNDO');
insert into MAT_PRO values ('GENETICA GANADERA', 'GANADERIA TRANSGENICA');
insert into MAT_PRO values ('GENETICA GANADERA', 'TECNOLOGIA APLICADA AL MUNDO NATURAL');
insert into MAT_PRO values ('GENETICA GANADERA', 'TECNOLOGIA APLICADA AL MEDIO RURAL');
insert into MAT_PRO values ('TECNOLOGIA Y TERCER MUNDO', 'TECNOLOGIA APLICADA EN EL TERCER MUNDO');
insert into MAT_PRO values ('TECNOLOGIA Y DESARROLLO', 'TECNOLOGIA APLICADA EN EL TERCER MUNDO');
insert into MAT_PRO values ('TECNOLOGIA Y TERCER MUNDO', 'TECNOLOGIA APLICADA EN PAISES EN DESARROLLO');
insert into MAT_PRO values ('TECNOLOGIA Y DESARROLLO', 'TECNOLOGIA APLICADA EN PAISES EN DESARROLLO');
insert into MAT_PRO values ('INFORMATICA Y TERCER MUNDO', 'INFORMATICA EN PAISES EN DESARROLLO');
insert into MAT_PRO values ('INFORMATICA Y DESARROLLO', 'INFORMATICA EN PAISES EN DESARROLLO');
insert into MAT_PRO values ('INFORMATICA Y TERCER MUNDO', 'INFORMATICA EN EL TERCER MUNDO');
insert into MAT_PRO values ('INFORMATICA Y DESARROLLO', 'INFORMATICA EN EL TERCER MUNDO');
insert into MAT_PRO values ('INFORMATICA Y DESARROLLO', 'INFORMATICA EN ENTORNOS RURALES');
insert into MAT_PRO values ('IA Y AGRICULTURA', 'INTELIGENCIA ARTIFICIAL APLICADA EN AGRICULTURA');
insert into MAT_PRO values ('IA Y AGRICULTURA', 'INTELIGENCIA ARTIFICIAL EN ENTORNOS RURALES');
insert into MAT_PRO values ('REGADIO ECOLOGICO', 'REGADIO ECOBIO');
insert into MAT_PRO values ('REGADIO BIOLOGICO', 'REGADIO ECOBIO');
insert into MAT_PRO values ('REGADIO ECOLOGICO', 'AGRICULTURA ECOBIO');
insert into MAT_PRO values ('REGADIO BIOLOGICO', 'AGRICULTURA ECOBIO');
insert into MAT_PRO values ('REGADIO ECOLOGICO', 'TECNOLOGIA APLICADA AL MEDIO RURAL');
insert into MAT_PRO values ('REGADIO BIOLOGICO', 'TECNOLOGIA APLICADA AL MEDIO RURAL');



insert into MAT_ART values ('AGRICULTURA ECOLOGICA', 1000);
insert into MAT_ART values ('AGRICULTURA ECOLOGICA', 1001);
insert into MAT_ART values ('AGRICULTURA ECOLOGICA', 1006);
insert into MAT_ART values ('AGRICULTURA ECOLOGICA', 1009);
insert into MAT_ART values ('AGRICULTURA ECOLOGICA', 1010);
insert into MAT_ART values ('AGRICULTURA ECOLOGICA', 1018);
insert into MAT_ART values ('AGRICULTURA ECOLOGICA', 1020);
insert into MAT_ART values ('AGRICULTURA BIOLOGICA', 1000);
insert into MAT_ART values ('AGRICULTURA BIOLOGICA', 1001);
insert into MAT_ART values ('AGRICULTURA BIOLOGICA', 1006);
insert into MAT_ART values ('AGRICULTURA BIOLOGICA', 1009);
insert into MAT_ART values ('AGRICULTURA BIOLOGICA', 1010);
insert into MAT_ART values ('AGRICULTURA BIOLOGICA', 1018);
insert into MAT_ART values ('AGRICULTURA BIOLOGICA', 1020);
insert into MAT_ART values ('GENETICA AGRICOLA', 1004);
insert into MAT_ART values ('GENETICA AGRICOLA', 1005);
insert into MAT_ART values ('GANADERIA ECOLOGICA', 1002);
insert into MAT_ART values ('GANADERIA ECOLOGICA', 1003);
insert into MAT_ART values ('GANADERIA BIOLOGICA', 1002);
insert into MAT_ART values ('GANADERIA BIOLOGICA', 1003);
insert into MAT_ART values ('GENETICA GANADERA', 1007);
insert into MAT_ART values ('GENETICA GANADERA', 1008);
insert into MAT_ART values ('TECNOLOGIA Y TERCER MUNDO', 1011);
insert into MAT_ART values ('TECNOLOGIA Y TERCER MUNDO', 1012);
insert into MAT_ART values ('TECNOLOGIA Y TERCER MUNDO', 1013);
insert into MAT_ART values ('TECNOLOGIA Y TERCER MUNDO', 1015);
insert into MAT_ART values ('TECNOLOGIA Y TERCER MUNDO', 1016);
insert into MAT_ART values ('TECNOLOGIA Y DESARROLLO', 1011);
insert into MAT_ART values ('TECNOLOGIA Y DESARROLLO', 1012);
insert into MAT_ART values ('TECNOLOGIA Y DESARROLLO', 1013);
insert into MAT_ART values ('TECNOLOGIA Y DESARROLLO', 1015);
insert into MAT_ART values ('TECNOLOGIA Y DESARROLLO', 1016);
insert into MAT_ART values ('IA Y AGRICULTURA', 1016);
insert into MAT_ART values ('IA Y AGRICULTURA', 1017);
insert into MAT_ART values ('IA Y AGRICULTURA', 1019);
insert into MAT_ART values ('IA Y AGRICULTURA', 1014);
insert into MAT_ART values ('INFORMATICA Y DESARROLLO', 1017);
insert into MAT_ART values ('INFORMATICA Y DESARROLLO', 1019);
insert into MAT_ART values ('INFORMATICA Y DESARROLLO', 1014);



insert into EMP_TRA_PRO values ('10101010A', 'AGRICULTURA ECOBIO');
insert into EMP_TRA_PRO values ('20202020B', 'AGRICULTURA TERCER MUNDO');
insert into EMP_TRA_PRO values ('30303030C', 'AGRICULTURA TRANSGENICA');
insert into EMP_TRA_PRO values ('40404040D', 'PISCICULTURA ECOBIO');
insert into EMP_TRA_PRO values ('50505050E', 'PISCICULTURA TERCER MUNDO');
insert into EMP_TRA_PRO values ('60606060F', 'PISCICULTURA TRANSGENICA');
insert into EMP_TRA_PRO values ('70707070G', 'GANADERIA ECOBIO');
insert into EMP_TRA_PRO values ('10101010A', 'INTELIGENCIA ARTIFICIAL EN ENTORNOS RURALES');
insert into EMP_TRA_PRO values ('20202020B', 'INTELIGENCIA ARTIFICIAL EN ENTORNOS RURALES');
insert into EMP_TRA_PRO values ('30303030C', 'INTELIGENCIA ARTIFICIAL EN ENTORNOS RURALES');
insert into EMP_TRA_PRO values ('40404040D', 'INTELIGENCIA ARTIFICIAL EN ENTORNOS RURALES');
insert into EMP_TRA_PRO values ('50505050E', 'INTELIGENCIA ARTIFICIAL APLICADA EN AGRICULTURA');
insert into EMP_TRA_PRO values ('60606060F', 'INTELIGENCIA ARTIFICIAL APLICADA EN AGRICULTURA');
insert into EMP_TRA_PRO values ('70707070G', 'INTELIGENCIA ARTIFICIAL APLICADA EN AGRICULTURA');
insert into EMP_TRA_PRO values ('80808080H', 'GANADERIA TERCER MUNDO');
insert into EMP_TRA_PRO values ('90909090I', 'GANADERIA TRANSGENICA');
insert into EMP_TRA_PRO values ('10101010A', 'AGRICULTURA TERCER MUNDO');
insert into EMP_TRA_PRO values ('20202020B', 'AGRICULTURA ECOBIO');
insert into EMP_TRA_PRO values ('30303030C', 'AGRICULTURA ECOBIO');
insert into EMP_TRA_PRO values ('40404040D', 'AGRICULTURA ECOBIO');
insert into EMP_TRA_PRO values ('50505050E', 'AGRICULTURA ECOBIO');
insert into EMP_TRA_PRO values ('60606060F', 'AGRICULTURA ECOBIO');
insert into EMP_TRA_PRO values ('70707070G', 'AGRICULTURA TERCER MUNDO');
insert into EMP_TRA_PRO values ('80808080H', 'AGRICULTURA TERCER MUNDO');
insert into EMP_TRA_PRO values ('90909090I', 'AGRICULTURA TERCER MUNDO');
insert into EMP_TRA_PRO values ('10101010A', 'REGADIO ECOBIO');
insert into EMP_TRA_PRO values ('20202020B', 'REGADIO ECOBIO');
insert into EMP_TRA_PRO values ('30303030C', 'REGADIO ECOBIO');
insert into EMP_TRA_PRO values ('40404040D', 'SECANO ECOBIO');
insert into EMP_TRA_PRO values ('50505050E', 'SECANO ECOBIO');
insert into EMP_TRA_PRO values ('60606060F', 'SECANO ECOBIO');
insert into EMP_TRA_PRO values ('70707070G', 'TECNOLOGIA APLICADA AL MUNDO NATURAL');
insert into EMP_TRA_PRO values ('80808080H', 'TECNOLOGIA APLICADA AL MUNDO NATURAL');
insert into EMP_TRA_PRO values ('90909090I', 'TECNOLOGIA APLICADA AL MUNDO NATURAL');
insert into EMP_TRA_PRO values ('11111111J', 'REGADIO ECOBIO');
insert into EMP_TRA_PRO values ('12121212K', 'SECANO ECOBIO');
insert into EMP_TRA_PRO values ('13131313L', 'TECNOLOGIA APLICADA AL MUNDO NATURAL');
insert into EMP_TRA_PRO values ('14141414M', 'TECNOLOGIA APLICADA EN EL TERCER MUNDO');
insert into EMP_TRA_PRO values ('15151515N', 'TECNOLOGIA APLICADA AL MEDIO RURAL');
insert into EMP_TRA_PRO values ('16161616O', 'TECNOLOGIA APLICADA EN PAISES EN DESARROLLO');
insert into EMP_TRA_PRO values ('17171717P', 'INFORMATICA EN ENTORNOS RURALES');
insert into EMP_TRA_PRO values ('18181818Q', 'INFORMATICA EN PAISES EN DESARROLLO');
insert into EMP_TRA_PRO values ('19191919R', 'INFORMATICA EN EL TERCER MUNDO');
insert into EMP_TRA_PRO values ('11111111J', 'INTELIGENCIA ARTIFICIAL APLICADA EN AGRICULTURA');
insert into EMP_TRA_PRO values ('12121212K', 'INTELIGENCIA ARTIFICIAL APLICADA EN AGRICULTURA');
insert into EMP_TRA_PRO values ('13131313L', 'INTELIGENCIA ARTIFICIAL APLICADA EN AGRICULTURA');
insert into EMP_TRA_PRO values ('14141414M', 'INTELIGENCIA ARTIFICIAL EN ENTORNOS RURALES');
insert into EMP_TRA_PRO values ('15151515N', 'INTELIGENCIA ARTIFICIAL EN ENTORNOS RURALES');
insert into EMP_TRA_PRO values ('16161616O', 'INTELIGENCIA ARTIFICIAL EN ENTORNOS RURALES');
insert into EMP_TRA_PRO values ('17171717P', 'INTELIGENCIA ARTIFICIAL EN ENTORNOS RURALES');
insert into EMP_TRA_PRO values ('18181818Q', 'INTELIGENCIA ARTIFICIAL EN ENTORNOS RURALES');
insert into EMP_TRA_PRO values ('19191919R', 'INTELIGENCIA ARTIFICIAL EN ENTORNOS RURALES');
insert into EMP_TRA_PRO values ('21212121S', 'INTELIGENCIA ARTIFICIAL APLICADA EN AGRICULTURA');
insert into EMP_TRA_PRO values ('22222222T', 'INTELIGENCIA ARTIFICIAL EN ENTORNOS RURALES');
insert into EMP_TRA_PRO values ('23232323U', 'INTELIGENCIA ARTIFICIAL EN ENTORNOS RURALES');
insert into EMP_TRA_PRO values ('24242424V', 'INTELIGENCIA ARTIFICIAL EN ENTORNOS RURALES');
insert into EMP_TRA_PRO values ('25252525W', 'INTELIGENCIA ARTIFICIAL APLICADA EN AGRICULTURA');
insert into EMP_TRA_PRO values ('26262626X', 'INTELIGENCIA ARTIFICIAL APLICADA EN AGRICULTURA');
insert into EMP_TRA_PRO values ('27272727Y', 'INTELIGENCIA ARTIFICIAL APLICADA EN AGRICULTURA');
insert into EMP_TRA_PRO values ('28282828Z', 'INTELIGENCIA ARTIFICIAL APLICADA EN AGRICULTURA');
insert into EMP_TRA_PRO values ('29292929A', 'INFORMATICA EN EL TERCER MUNDO');
insert into EMP_TRA_PRO values ('31313131B', 'INFORMATICA EN EL TERCER MUNDO');
insert into EMP_TRA_PRO values ('32323232C', 'INFORMATICA EN EL TERCER MUNDO');



insert into EMP_INV_PRO values ('10101010A', 'INFORMATICA EN EL TERCER MUNDO');
insert into EMP_INV_PRO values ('10101010A', 'TECNOLOGIA APLICADA AL MUNDO NATURAL');
insert into EMP_INV_PRO values ('10101010A', 'INTELIGENCIA ARTIFICIAL APLICADA EN AGRICULTURA');
insert into EMP_INV_PRO values ('10101010A', 'GANADERIA TRANSGENICA');
insert into EMP_INV_PRO values ('20202020B', 'INFORMATICA EN EL TERCER MUNDO');
insert into EMP_INV_PRO values ('20202020B', 'TECNOLOGIA APLICADA AL MUNDO NATURAL');
insert into EMP_INV_PRO values ('20202020B', 'INTELIGENCIA ARTIFICIAL APLICADA EN AGRICULTURA');
insert into EMP_INV_PRO values ('20202020B', 'GANADERIA TRANSGENICA');
insert into EMP_INV_PRO values ('30303030C', 'INFORMATICA EN EL TERCER MUNDO');
insert into EMP_INV_PRO values ('30303030C', 'TECNOLOGIA APLICADA AL MUNDO NATURAL');
insert into EMP_INV_PRO values ('30303030C', 'INTELIGENCIA ARTIFICIAL APLICADA EN AGRICULTURA');
insert into EMP_INV_PRO values ('30303030C', 'GANADERIA TRANSGENICA');
insert into EMP_INV_PRO values ('40404040D', 'GANADERIA TRANSGENICA');
insert into EMP_INV_PRO values ('50505050E', 'GANADERIA TRANSGENICA');
insert into EMP_INV_PRO values ('60606060F', 'GANADERIA TRANSGENICA');
insert into EMP_INV_PRO values ('70707070G', 'GANADERIA TRANSGENICA');
insert into EMP_INV_PRO values ('70707070G', 'INFORMATICA EN EL TERCER MUNDO');
insert into EMP_INV_PRO values ('80808080H', 'GANADERIA TRANSGENICA');
insert into EMP_INV_PRO values ('80808080H', 'INFORMATICA EN EL TERCER MUNDO');
insert into EMP_INV_PRO values ('90909090I', 'INFORMATICA EN EL TERCER MUNDO');
insert into EMP_INV_PRO values ('11111111J', 'AGRICULTURA ECOBIO');
insert into EMP_INV_PRO values ('12121212K', 'AGRICULTURA ECOBIO');
insert into EMP_INV_PRO values ('13131313L', 'AGRICULTURA ECOBIO');
insert into EMP_INV_PRO values ('11111111J', 'GANADERIA ECOBIO');
insert into EMP_INV_PRO values ('12121212K', 'GANADERIA ECOBIO');
insert into EMP_INV_PRO values ('13131313L', 'GANADERIA ECOBIO');
insert into EMP_INV_PRO values ('21212121S', 'INFORMATICA EN EL TERCER MUNDO');
insert into EMP_INV_PRO values ('22222222T', 'INFORMATICA EN EL TERCER MUNDO');
insert into EMP_INV_PRO values ('23232323U', 'INFORMATICA EN EL TERCER MUNDO');
insert into EMP_INV_PRO values ('24242424V', 'INFORMATICA EN EL TERCER MUNDO');
insert into EMP_INV_PRO values ('25252525W', 'INFORMATICA EN EL TERCER MUNDO');
insert into EMP_INV_PRO values ('26262626X', 'INFORMATICA EN EL TERCER MUNDO');
insert into EMP_INV_PRO values ('27272727Y', 'INFORMATICA EN EL TERCER MUNDO');
insert into EMP_INV_PRO values ('28282828Z', 'INFORMATICA EN EL TERCER MUNDO');
insert into EMP_INV_PRO values ('29292929A', 'AGRICULTURA ECOBIO');
insert into EMP_INV_PRO values ('31313131B', 'AGRICULTURA ECOBIO');
insert into EMP_INV_PRO values ('32323232C', 'AGRICULTURA ECOBIO');


